max,min,avg,median,std,q1,q2,q3,total_files
3575349,39,43237.639709426425,13397.0,146938.01910897993,4397.0,13397.0,38663.0,29046
